frame_id,move_id,frame_index,sheet_x,sheet_y,width,height,pivot_x,pivot_y,duration_game_frames,move_x,move_y,can_accept_input,can_guard,invulnerable,airborne,notes
IDLE_00,IDLE,0,0,0,128,128,64,112,6,0,0,1,1,0,0,待機
STAND_PUNCH_00,STAND_PUNCH,0,128,0,128,128,64,112,3,0,0,0,0,0,0,Startup
STAND_PUNCH_01,STAND_PUNCH,1,256,0,128,128,64,112,2,1,0,0,0,0,0,Active
STAND_PUNCH_02,STAND_PUNCH,2,384,0,128,128,64,112,7,0,0,0,0,0,0,Recovery
STAND_KICK_00,STAND_KICK,0,512,0,128,128,64,112,5,0,0,0,0,0,0,Startup
STAND_KICK_01,STAND_KICK,1,640,0,128,128,64,112,3,1,0,0,0,0,0,Active
CROUCH_KICK_01,CROUCH_KICK,1,768,0,128,128,64,112,2,0,0,0,0,0,0,低姿勢Active・Clash向け
JUMP_FORWARD_00,JUMP_FORWARD,0,896,0,128,128,64,112,1,3,6,1,0,0,1,離陸
AIR_KICK_01,AIR_KICK,1,0,128,128,128,64,112,3,3,0,0,0,0,1,空中キックActive
